barcode,numbers
AAATTT,21
CATCAT,15
TACGGG,12
AAAAAA,7
CTGTCA,5
CAACCT,4
AGGCAG,4
TCTTTT,4
AGCAAA,4
AACAGT,3
CAGGCA,3
GTTGGC,3
CTTTTT,3
CCTCTT,3
TGCCAG,3
AAAGAG,3
CCACTG,2
CTCACC,2
CCTCAT,2
GGGCCA,2
GGAGCT,2
AAGTAA,2
CTCTCG,2
CAGGAG,2
AGAAGG,2
ATGTGA,2
GAGAGG,2
AGTCAA,2
GGCTGA,2
CCACCT,2
AATTGT,2
CTTACT,2
CTAGGT,2
GTGGTG,2
CTTATC,2
GAAAGT,2
AGGAGG,2
AGGTGC,2
CTAGGC,2
GGGGGT,2
TTACCA,2
ACCAGG,2
GAGTCC,2
TCCTGG,2
TCTGGA,2
GGGTGT,2
CAGGGA,2
ACACTT,2
AGAGAG,2
CTCCTT,2
CACTGG,2
CCCTGG,2
ACTGGA,2
GAGCAG,2
CTCAGG,2
TTCTCT,2
CAGGTG,2
TGGCCA,2
AAAGGT,2
GACTGG,2
GTGCAA,2
AGAGCT,2
CTTACC,2
CCCAGA,2
GCTTCT,2
ATGGCA,2
CGCCCA,2
GTCACT,1
GAGAGA,1
TGGCAT,1
CCAGGC,1
CTTGCC,1
AGGCTC,1
GCTCCA,1
CATTAT,1
ATGTCT,1
TCAACA,1
ACAAGC,1
CAAACA,1
ATTTGG,1
GATATG,1
CACCCA,1
TTACGT,1
AGATCT,1
TCACAA,1
GAATTA,1
CCCCCC,1
TTCTGT,1
CTACAC,1
CTCTCA,1
TGAAGC,1
GAGCAT,1
TGAGTA,1
GCTTGG,1
CGAACA,1
CATACT,1
CCTGTA,1
GCGCCT,1
CTGGCT,1
GAACAG,1
GTCCTG,1
GAGTTT,1
GAGCCA,1
AGGTTA,1
GCCGGC,1
TGGTAG,1
AGTCTA,1
CACCAT,1
CACCAA,1
ATCACG,1
AATATA,1
GTGGCC,1
CAATCT,1
TCGGAA,1
ATCTAC,1
TCAAGA,1
TTATCC,1
AAACTT,1
ATCCTT,1
CTTTTC,1
GTGCTG,1
ATGTCC,1
CTTCTG,1
TATGCC,1
AGATCC,1
AAGCAA,1
GCCTGC,1
AGTAAA,1
CATGCG,1
ACTCAG,1
TGATAG,1
CCAACT,1
CAGGCT,1
CTCTGT,1
CTGGGA,1
CAGGCC,1
ACAGGA,1
TTATGT,1
GAGCCC,1
GATGAA,1
AACTGC,1
ATGCAA,1
GCAAAG,1
GGTGCC,1
CCTTTG,1
GTGACA,1
GCTCAC,1
GGCAAT,1
CCCTTC,1
GGTCTG,1
ACGCTG,1
ACATCC,1
GCATAC,1
TGATGT,1
GGGTTC,1
GTGGAT,1
CAAGCC,1
TAGTCT,1
TATTTA,1
TAACGG,1
CCATAT,1
CCAGCT,1
AGAAAC,1
CAAGCT,1
CTTAAC,1
TCTGTG,1
TAAGGC,1
GCTATT,1
TCATGC,1
TTATGG,1
TGTGAT,1
AAGCCT,1
TGAACA,1
CGCACT,1
ACAATG,1
TGTGGA,1
AATGAC,1
CTCTGA,1
GGAAGC,1
ACTCAT,1
CTATAT,1
GACGGG,1
CGCTTG,1
TAGCCG,1
CATCGA,1
CATAGT,1
CAGGTA,1
CCGAAG,1
TAATTA,1
CTGAGC,1
TGGTGT,1
ATTTTT,1
TAATGC,1
GACCTG,1
TGTAAG,1
GGCGCT,1
AAGTCT,1
AATCCC,1
ACAACC,1
GCCCTA,1
GCGAAC,1
GAAACT,1
GTGGGA,1
CCTTGA,1
CTTCAA,1
GTGCGC,1
GATCTC,1
ATAGCG,1
GGCGGA,1
ATGTGG,1
CTATAG,1
GAGGGC,1
CTGGCC,1
CATAGC,1
GTTTGA,1
CCCAGG,1
ATGACA,1
AAGATG,1
CAGCTT,1
CCGGCG,1
TTACCC,1
TAAATG,1
CCTTCC,1
TTCATT,1
TGGACT,1
CATCAG,1
TGCGTC,1
CCACGG,1
CCACCG,1
AGAAAG,1
TCAAGT,1
GCGGGT,1
CTTGGG,1
GTTGAC,1
CATGGA,1
ATTACC,1
CTCATC,1
CAATGA,1
CCAGAA,1
GGTCAT,1
CTGGGT,1
CCATGG,1
GCACGG,1
GGAGTC,1
CAGCGG,1
GGCTCC,1
CGTGCC,1
GTGCCT,1
CGGTGC,1
GCACTG,1
CACTGA,1
TTTTGG,1
AGGTAG,1
TCACTT,1
GGTCCG,1
GCACGT,1
TGGGCC,1
AGTCTG,1
TTCCCT,1
CTGCAC,1
TCTGCC,1
TTCGCA,1
GCCGCT,1
ACAAAG,1
TGGATG,1
TGCCGG,1
AGATGC,1
GGCATT,1
AGGCCC,1
ACGCAG,1
CACAAG,1
CAAAAT,1
GTAGCC,1
TCCCTT,1
CTCCAC,1
GGTGTT,1
ACCCTG,1
GGAGAG,1
TGTGTA,1
TTTCAG,1
TTCGTA,1
TGGAAC,1
ATTAAA,1
AAATGA,1
TCTGAA,1
ATTCCT,1
AGGGGA,1
CCCCTC,1
TGCCCC,1
GGCAAC,1
TTGCCA,1
TATCTA,1
CGGATG,1
CGTGGC,1
GTATAG,1
TTGATG,1
GGGTTT,1
TCACCG,1
CCCTGT,1
ACTACC,1
CGGGCG,1
AATGTC,1
TGACCT,1
GCCCTT,1
AAACAC,1
GTCGAT,1
AGTCAG,1
GGTACA,1
AAGGCT,1
GCACTT,1
GCCAGC,1
TATCTG,1
AGGGAG,1
AAATAA,1
TCCGGC,1
AACTTC,1
TTATTC,1
CAAGTC,1
TAAGTC,1
AAATAC,1
TGGCCG,1
CGGATC,1
CACTCT,1
GAGTAT,1
GGGCTG,1
GATTAA,1
GACAGT,1
CAGGGG,1
AAGGAC,1
GTATGA,1
GAATCC,1
GTTCTG,1
GCAGCG,1
CAGGAT,1
AGAGAT,1
TTGGAG,1
CAAATG,1
AACCTG,1
GGTCAG,1
TTAACT,1
GCCATG,1
TGCGGT,1
GTGACT,1
ATTCTT,1
AACCTT,1
CAGCCG,1
GTACAC,1
TTGCAA,1
ACGCAA,1
ATGTTT,1
CAAGAG,1
GAGAGC,1
CTCCAG,1
GCAGAG,1
GTTCGA,1
TCCGAA,1
CTGAGA,1
CGAAGG,1
GAATTC,1
GCACTC,1
CGCACC,1
AGAGTC,1
ATGCTG,1
CTTGGT,1
TCCCGG,1
GTGAAT,1
ACATGC,1
AAGGTA,1
AAATGT,1
CATCCC,1
AGTGCA,1
ACCATA,1
TTTTAG,1
CTAGAT,1
TGGTAT,1
GGAACT,1
AAGCAC,1
AATTGA,1
TGAATG,1
GCATGG,1
TTTGTG,1
GTGAGA,1
GCCTAC,1
GCTAAA,1
ACCAGC,1
TCGCTC,1
AGGGAC,1
GTTGCT,1
AACTTA,1
CCCTCT,1
CGGCTC,1
TGGCAC,1
ACAACA,1
TGGACA,1
TCAAGC,1
GTTGTG,1
CCTCCA,1
TTAAAG,1
GTTCAG,1
TGAGGG,1
AATCAC,1
GCATTT,1
GTAGGT,1
CGGGAC,1
CCTCTG,1
CCGACG,1
AGAACA,1
GATTTT,1
GAGCGC,1
CTCCGC,1
CAAGTA,1
TATGCA,1
AGACTC,1
CAATTT,1
ATTTCA,1
TTGGTC,1
CCAAGA,1
CTGCAA,1
AGCGTC,1
CAATAG,1
CCATCT,1
TACAAT,1
GGTCTC,1
GAGATT,1
TGTATT,1
TATGTG,1
GAGGGA,1
AGCAGC,1
ACTCCC,1
CGCTCG,1
AGGCAT,1
AACAGA,1
GTCACA,1
TGGGGG,1
TCTTTC,1
CTTTCA,1
ATGAGC,1
TTTTCT,1
TAACCA,1
GCCAAA,1
AGAATG,1
CCTCTA,1
AACCGC,1
CGGTAG,1
TTCCCC,1
TTGTAG,1
GGTGCT,1
CCTGCC,1
GGCCAA,1
GGCTGC,1
TGAGGA,1
GGCACT,1
TGAGGC,1
AAATAG,1
ACTGTA,1
GCTTAT,1
CCTTGT,1
GGATGC,1
TGACTT,1
TGAATC,1
AGTGTT,1
CAGTGA,1
ACCTGA,1
ACAAAT,1
CAGCTC,1
AGCTAT,1
ACTGGG,1
GAATGC,1
GAGGAG,1
GGACTT,1
GCCAGT,1
CTCACA,1
CACTGC,1
CCTTGC,1
ACGGCA,1
TTACTA,1
CCCACT,1
TATGAA,1
TGAATA,1
AAGAGA,1
GACCGC,1
GTCCAG,1
CCGCGG,1
GTCTTA,1
GATAAA,1
CACACG,1
GTGGGC,1
GTAGGG,1
TACGCG,1
GGCCGC,1
GACTTC,1
GCTTTT,1
CCCAGC,1
GGCGAG,1
TCCCAA,1
AGGATG,1
GTCAGA,1
GCGGGC,1
CACCAG,1
GAGGCA,1
AGTCGT,1
CTGCTG,1
TGCAGC,1
TGAAGA,1
GACGAC,1
GGCACA,1
AGCGCT,1
TAGTGT,1
AATCCT,1
ATTTCC,1
ACACAC,1
GAAATG,1
TTCCAT,1
CACAGC,1
TGGGAT,1
CGTCTC,1
TACATT,1
GGTGGG,1
CACCGC,1
GAGGTT,1
AGCCGG,1
AATCTT,1
GATCCC,1
CTACGA,1
CCAGAC,1
ACTGAA,1
GTGGGG,1
CGCAGA,1
ATCCAG,1
GCGACT,1
TTTGAA,1
CAGGAA,1
CATCAC,1
CACCTT,1
TTGCCG,1
TCTACC,1
CACGGG,1
GCAGAC,1
GGCCAT,1
GCACAG,1
GAGACA,1
AAGGCC,1
TCCAGC,1
ATGCCG,1
GGGTAC,1
GTCAGT,1
GTCCTC,1
AGCACG,1
AACCCT,1
TGTAGA,1
GAACCT,1
TTATGC,1
CATGTG,1
CACTCA,1
GACCAT,1
ATCAGC,1
TGTAGC,1
CCCGAG,1
GGGACA,1
TGACTG,1
CAGTTA,1
TGCTAC,1
TTCCTA,1
ACTACA,1
AGTGTA,1
GTCAAA,1
